product_id,MAE,RMSE,R2
107722.0,1.4126588130664592,1.818099072996512,-0.2805428219003947
107724.0,9.885910914990298,13.4022103728732,-1.3461068964999883
107726.0,3.0829960275367143,3.8221454161313986,-0.2483565710271085
107728.0,1.8012294586934863,2.2452528132827783,-0.15626610834537513
107732.0,1.6932248033221844,2.0248396896743626,-0.5229987110623189
107738.0,0.24159677633719312,0.3545710571735641,-0.2111087798372231
107740.0,1.4659569173025682,1.7010297399582621,-0.12395447436598728
107742.0,7.4282890733262,9.74383512178728,-0.5871316122446941
107744.0,1.655009277853708,2.0148498789525173,-0.466537737540784
107746.0,1.5628066856521199,1.9043914843220593,-0.18834274544939955
107750.0,1.6083337300330656,1.9256744441993912,-0.4482110497261098
107756.0,0.09108318948510039,0.24778794266985144,-0.10901699061932124
107794.0,0.7065653653490623,1.0024375566188113,-0.48168686159106544
107796.0,3.38512897441983,4.492273896869514,-0.4631639881934555
107798.0,0.7325997202839942,0.9413985053966052,-0.09453333839015388
107800.0,0.9114266173096025,1.4041371848819357,-0.20718804367966182
107804.0,0.6964743396817332,0.9594756120138487,-0.19843021200118027
107806.0,0.0705870469797814,0.2451259787458308,-0.08531683980083304
107812.0,0.734046778858641,0.9447758029163791,-0.09305839337859068
107814.0,2.290697063174105,2.7544248597529353,-0.25291512743955313
107816.0,0.44412685921335654,0.5958006758527028,0.03218140844198758
107818.0,0.41575242196185264,0.4924911637948385,-0.1682706819037063
107822.0,0.5754719881963729,0.7820146498585747,-0.6673307333915195
107830.0,1.2202832076240628,1.5080211002481796,-0.4043224094260427
107832.0,3.761376277989023,5.101954743543185,-1.340589078186699
107834.0,2.099542893122777,2.6185612248120247,-0.49896624406787926
107836.0,1.0192928251070448,1.1865792735301275,-0.09973902058189532
107840.0,1.333569354423498,1.6203776078932473,-0.43713109495222047
107846.0,0.24746515469758587,0.3962683275601844,-0.0805062325357826
107938.0,0.30398597104928754,0.4495900656524269,-0.12338316618344569
107940.0,2.0382180232487648,2.6856900930014915,0.045541603176832424
107942.0,0.574719660753408,0.8214726582857632,-0.1338500458250096
107944.0,0.21805481852243813,0.5027753688953845,0.03875910943262861
107948.0,0.85073067743103,1.096782787693834,-0.4365598665175263
108118.0,10.812956111968724,15.449445769208408,-2.215854230880216
108120.0,71.52285810907594,120.92359340690125,-2.2499626721837203
108122.0,9.266535738437222,12.115134107779964,-1.5249048283275948
108124.0,11.827007390730273,13.449993035060347,0.01289992534784623
108128.0,52.96960127099831,68.24525764346711,-0.6800216059241748
108130.0,0.058823529411764705,0.24253562503633297,-0.0625
108134.0,2.341271530074482,2.9286323512599086,-0.7047596098463098
108136.0,2.7445078936296596,3.647066318556858,-0.3867300864120098
108138.0,17.40633749630724,24.861761709961325,-0.1948534430864992
108140.0,6.122066063443683,7.243069033931708,0.0006899439917731343
108142.0,4.037455675166331,4.526522208138479,-0.10309939529112833
108146.0,14.087463251828797,19.525568504987586,-0.9899693243934464
108152.0,1.389043221409374,1.7319873252947233,-0.015148064929360272
108154.0,1.9131250034642502,2.3857049060223043,-0.46601506479577526
108156.0,6.94453774383036,9.632362338124533,-0.6412115814379886
108158.0,2.83214925594122,3.0885653882940063,-0.15736324500204324
108160.0,1.1607865721224981,1.6422538346300937,-0.24113427225516615
108164.0,3.109989853975115,5.889171869180617,-7.3946380176484645
108170.0,1.1785721332502714,1.4704084211519113,0.1297393212766047
108172.0,1.2065632482378716,1.667736702491667,-0.15489785898580188
108174.0,4.7412975782265585,6.195506836930722,-0.665125207941397
108176.0,1.5077900570842875,1.9440552057377525,-0.2880098299696934
108178.0,0.9439772796482548,1.030707688528037,-0.2087462993155269
108182.0,2.9248982714765672,3.8959494074681764,-0.8231770141414889
108188.0,0.6257742380227739,0.7178789385148568,-0.4050584833487725
108190.0,0.877002424659477,1.1748192303813463,-0.18011202590927122
108192.0,3.927464657792566,5.135471602606962,-0.6141077551803782
108194.0,2.0759481455678,2.7909206875886157,-0.37597179962990346
108196.0,0.6382016533651477,1.0275502288689056,-0.20135191989459877
108200.0,1.9577261819337943,2.5144263537567384,-0.416400176563404
108206.0,0.919878563992005,1.1646769439535682,-0.1667277348558327
108232.0,8.04310075771973,10.692957219564462,-0.658672199314172
108234.0,9.924697342780306,13.535378065971907,-1.1756519873176074
108236.0,9.370010033550201,12.044017938494527,-1.2092046997103094
108242.0,25.306585070540496,38.13073958413889,-3.178026727682231
108246.0,1.9133270205666004,2.330832735126924,-0.3558495493188647
108262.0,5.60903385389856,6.538496507830324,-0.4580256870970971
108266.0,0.8949495772009224,1.0850067542062096,-0.33945771960048887
108282.0,2.665244786082288,3.953575168080389,-0.4020138610156059
108286.0,1.6521145964838748,2.10709989270548,-0.342178261313389
108338.0,2.193271315802962,2.5575647063328772,-0.6102118046218035
108340.0,6.410250718177826,8.296236071769302,-0.5034888151938064
108350.0,1.7648354677048412,2.2517910316332164,-0.8835381281382444
108352.0,4.730854669465319,5.938868370475833,-0.6982798273594246
108354.0,0.9376289458365735,1.167646990460951,-0.2161186847595593
108356.0,1.184345576332766,1.4663281733174232,-0.327744000275245
108368.0,2.296313995478084,2.802157156193377,-0.6909482014855912
108370.0,2.0706254388952177,2.50519404747913,-0.10058446315939684
108374.0,0.33996974222986137,0.45471374690498007,-0.9918322326480618
108384.0,2.966111361315416,3.5435741777756253,-0.3882744026519047
108390.0,0.420085671233401,0.6042301151961567,-0.014540146920948516
108394.0,1.7152866236277955,2.3073064452221423,-0.4487180944400111
108422.0,1.0496934617738616,1.3208945253293445,-0.4163941525168957
108424.0,0.9695208005072016,1.335228624772265,-0.16570012180734506
108426.0,1.0426495684766162,1.2725381919846321,-0.3448078938712651
108428.0,1.1934626094399148,1.3643498214229581,-0.0385312273700229
108450.0,2.5316124526153008,3.539350999548769,-0.7886880380059216
108454.0,1.1742264365834076,1.5197047804317907,-0.2091417700794047
108460.0,0.9445097209622135,1.1095120781796328,-0.19383868429548645
108464.0,0.18307572031006744,0.340256342457109,-0.11529318034272173
108560.0,17.118371574684637,26.930566285119767,-1.5014179244600832
108562.0,6.958180105905608,9.741765055591907,-0.7126685443439245
108564.0,3.1352090021335832,3.817899944041462,-0.32888581545858364
108566.0,11.03631466167099,15.373341899518604,-1.0598997615988246
108568.0,7.569315701063526,9.731517251319977,-0.4714517040688915
108570.0,1.4967943179668821,2.3654258082862474,-0.22687719617027402
108572.0,0.6406114976238723,0.9038344682134518,-0.06346369177464117
108574.0,1.3957256982839803,1.691302075631351,-0.3870558447803538
108576.0,0.7849370370888614,1.204978780316577,-0.03866446988322325
108578.0,0.5518119015278254,0.8146089108315813,0.27357258019622654
108580.0,1.7600366569226493,1.9602507455069498,-0.30341136471866137
108592.0,1.8267703905976644,2.3498162201522717,-0.16648602455688222
108594.0,4.75071762506374,6.494528223461698,-0.8502885835311811
108596.0,6.707342778332117,8.845114944843068,-0.9115844499478785
108598.0,5.318923573508192,7.571891762163322,-1.409743232102668
108606.0,4.714368341547544,6.290705283700732,-0.01948557561810582
108608.0,3.5104125445982937,4.592512860169567,-0.5035395641755809
108612.0,3.835791702469918,4.578452599521761,-0.2542616876922419
108616.0,5.836925783949399,8.822766223094233,-2.020422651196381
108618.0,1.2287324011281937,1.7204572284061512,0.4809270518143399
108632.0,5.087286052538036,6.085957552892133,-0.5681564793421896
108634.0,1.5247916442829197,2.1651472670550116,0.07585790119894831
108642.0,2.946352297254174,3.343379223970924,-0.05296458917732738
108644.0,1.779260584867039,2.3535552252069207,-0.34073301109761545
108672.0,2.756285253714024,3.4623760869324554,-0.09016548784377987
108674.0,2.971090971127132,3.5820637133058195,-0.35931493729716935
108676.0,2.654906130334708,3.6388471777414177,0.11908164404362798
108690.0,2.679393333820416,3.2072480972476707,0.36641490552869693
112401.0,5.511773304977615,7.377276852656847,-1.2240664277228142
112403.0,0.6942490184394268,0.8937049083774304,0.0912332839309592
112405.0,2.29087337833341,2.634051493154122,-0.0005726949210456134
112407.0,1.1501357348389578,1.3548395731105882,-0.07385746498464196
127449.0,1.0232892397516369,1.3415594005733733,-0.13073236891761297
127450.0,0.9921544711055134,1.2759566082392602,-0.7047494996580697
127451.0,2.050401764195798,2.464966227281059,0.12811275721307513
127452.0,0.5732744691715522,0.6584531587701632,-0.20479810099118523
127455.0,0.5131724459383471,0.6689748906049505,-0.24360980606839133
127604.0,0.11764710950781324,0.34299717028508137,-1.1250000000007891
127609.0,1.3629899014881295,1.729505283582689,-0.20397421169468855
127610.0,0.9973142120989261,1.178025240894466,-0.34583175270238375
127611.0,3.991301153359002,5.335799464449401,-0.7649181600756225
127612.0,1.0732260826120967,1.3357381688560306,-0.3713637651822632
127614.0,1.2902672660992742,1.5482043126445186,-0.2687081970269669
127618.0,0.1551567345407228,0.31897112238465064,0.01987984238238094
127619.0,0.9343731839814363,1.0917655118561265,-0.4977135156603385
127620.0,3.682667005103563,4.206603267893419,-0.2442828940261581
127621.0,0.3687887291702047,0.591798962037594,0.026775795053119666
127623.0,0.7442283999294683,1.2365190055907485,-0.07774391120263746
127642.0,0.058823529411764705,0.24253562503633297,-0.0625
127645.0,1.2687447885747396,1.596448942473625,-0.49707241116335377
127646.0,0.6508118499419102,0.7083063178025676,-0.36783656333471937
127647.0,1.354098244479566,1.6759754214901261,-0.20799144982719175
127648.0,0.6975930891074816,1.0266640739600927,-0.25874919793279627
127650.0,0.4383777113813026,0.6190518927426443,-0.1782137879519614
155678.0,3.0957589860908175,3.7320204909416748,-0.32320359534834586
155681.0,1.6426667797635843,1.9725629659553383,0.020470082581609206
156712.0,0.5114282353180286,0.741071028388884,-0.1501074766298296
156714.0,0.8550471699731294,0.9763233594111853,-0.32440822267370883
156715.0,1.2802057649877006,1.4524955995104962,-0.17705764835257876
156716.0,0.6958568249813863,0.9194191461318844,-0.17452318583246296
156717.0,0.07482885055322566,0.24477512147747585,-0.08221216045352953
156779.0,3.210352895997037,5.263722099389786,-0.5090947282596452
156976.0,2.7058823529411766,11.156638751671316,-0.06249999999999978
157241.0,3.9733821500481707,4.768310629317899,-0.5008979507687279
164208.0,0.5984511282985869,1.1239659813152054,-0.17772117208859162
164212.0,5.887421619439803,9.661624816472731,0.5544921674332428
164635.0,4.302524718163115,6.6684410961285625,-1.858381410716857
169826.0,2.0069139167726995,2.6128091528448265,-0.2074277921639065
170066.0,1.3078685492055866,2.0470507733685093,0.5599453215594662
186038.0,1.9201249978972386,2.4022502792739724,-0.19982953297451278
197219.0,0.058823529411764705,0.24253562503633297,-0.0625
386365.0,1.578751234222807,2.0027883846734005,-0.22799324118982733
460188.0,9.684151870112718,17.746778368829613,0.12877832595179994
460190.0,1.0198027175031177,1.3169912614849297,0.48955125352627726
460192.0,0.9402156812441519,1.2787621921335266,0.02359036565142314
460194.0,0.7018382683930446,1.0323075155094796,-0.1406496114846496
460196.0,0.8643811962747742,1.117377166531264,-0.11365947725460201
467449.0,0.42350380248165914,0.8388516374377625,0.012809572215279563
467456.0,0.3971368750876491,0.6181855146096404,-0.1044231250675074
467462.0,0.3780651003296357,0.7899576507511058,-0.07348549407309246
467464.0,0.0976777136938448,0.24925414740158855,-0.12218031681887664
467466.0,0.3026983065415654,0.48724410128682616,-0.14350948858358636
467503.0,0.0588235294117757,0.24253562503633297,0.43333333333333335
467505.0,0.26797626193141644,0.5722349127363141,-0.24518234022899232
467507.0,0.05882352941177779,0.24253562503633297,0.5952380952380952
472842.0,4.578231953260071,5.829746946392262,-0.4015324477229314
472847.0,4.761607863254246,6.189304859830589,-0.6275898196485763
517633.0,2.2210480664542978,2.791100401987835,-0.19881777433400072
517634.0,0.8515136979155509,0.9564519315514217,-0.5736743210683379
517638.0,2.7811260830959363,3.5014693172196325,-0.3993771929918719
517639.0,0.8740652455291497,1.1300698439285197,-0.20611019370348327
517640.0,0.22750007031287456,0.39724186866476124,-0.08582187003948683
517643.0,1.9505900449195195,2.2063839943924677,-0.2149306265764721
517644.0,0.39482783313665487,0.624913297929884,-0.08518563509284194
517648.0,2.5288007630936566,2.9730867141661985,-0.08151638114987403
517649.0,0.7201599227558849,0.9295559822169552,-0.04923310780575596
517650.0,0.28445138361566935,0.42157783247160285,0.012243190532876147
517653.0,0.6071232456112046,1.0590529616494067,0.1424856408937787
517658.0,2.477336896647527,3.0762091633562716,-0.20476879032213202
517659.0,0.28003276402951277,0.4033492943434651,-0.11946663782119749
517673.0,0.11764710950781324,0.34299717028508137,-1.1250000000007891
517683.0,0.7765754729973956,1.2093728713519722,0.17444060072841616
517685.0,0.620704203945881,1.0267866483263963,0.017128879608349634
545952.0,2.4861613262770903,2.7550165523376866,-0.21190253196474518
571188.0,2.3646971721922156,3.093761645021142,-0.4497501900329841
641041.0,1.8794255840794265,2.5937708052650366,-0.7579475408506988
641043.0,3.55032840607602,3.987975865977277,-0.3064928896251775
641044.0,0.0976777136938448,0.24925414740158855,-0.12218031681887664
886366.0,0.6821216622993539,0.9517052658031642,-0.09066542435295522
886371.0,0.5296731373263585,0.6741697813588061,-0.2629991768667588
886381.0,0.11764718361769944,0.34299717028523063,-0.13333333333474084
886385.0,0.6558338899635638,0.9172539529025633,-0.19191931999678524
886387.0,0.28209014199615984,0.3917608386700283,-0.05606486458960225
886389.0,6.034804886095161,7.401177585947633,-0.2670623636444709
886391.0,7.305273643848623,9.183076839854431,-0.4303939530043359
886393.0,1.091086618382663,1.4778782172010805,-0.2000225155695461
886395.0,2.075776068653801,2.5531115882573125,-0.5365509527121544
886397.0,3.137019278510519,3.9555644366722222,-0.06596784857625759
886399.0,4.720610783512014,5.843293827640678,-0.2551055604840389
886403.0,0.8599505749144724,1.0720390284020402,-0.22109690831826456
886409.0,0.2901393031575795,0.40662386071100415,-0.13771706249433047
886411.0,0.2840653789229133,0.3834822278324628,-0.4166646969769279
896631.0,0.39066717091116615,0.4874091969305298,-0.14428454329936824
896635.0,0.23277037367307093,0.3961162857367562,-0.07967724565905554
896636.0,0.1353064298355795,0.2612469249185597,-0.2327648262654769
896810.0,0.07977750617954717,0.2456117017749146,-0.08962226413090035
896811.0,0.1937529344847331,0.34487404133963484,-0.14577040562301335
896823.0,0.07977750617954717,0.2456117017749146,-0.08962226413090035
896834.0,0.40128177598314424,0.5813069753929402,-0.13556097786164134
898292.0,0.6036150232909926,0.808258062718553,-0.09766416703150882
898294.0,0.5751680953979306,0.8134279502666398,0.02438166454351398
898730.0,0.7262231856065033,0.8870377411063068,-0.1369779537423852
910426.0,0.2194698667745748,0.3904495430603885,-0.049007009532931356
1070018.0,0.20351825333417808,0.38362194108418696,-0.012640818425395883
1073901.0,2.6754284555844947,6.046965051571898,0.13295764269811894
1153282.0,1.8796385167907037,4.918408134859409,0.6052888747784665
1166861.0,7.50539146163786,16.084551818440328,0.4326559628425888
