Business_date,107722.0,107724.0,107726.0,107728.0,107732.0,107738.0,107740.0,107742.0,107744.0,107746.0,107750.0,107756.0,107794.0,107796.0,107798.0,107800.0,107804.0,107806.0,107812.0,107814.0,107816.0,107818.0,107822.0,107830.0,107832.0,107834.0,107836.0,107840.0,107846.0,107938.0,107940.0,107942.0,107944.0,107948.0,108118.0,108120.0,108122.0,108124.0,108128.0,108130.0,108134.0,108136.0,108138.0,108140.0,108142.0,108146.0,108152.0,108154.0,108156.0,108158.0,108160.0,108164.0,108170.0,108172.0,108174.0,108176.0,108178.0,108182.0,108188.0,108190.0,108192.0,108194.0,108196.0,108200.0,108206.0,108232.0,108234.0,108236.0,108242.0,108246.0,108262.0,108266.0,108282.0,108286.0,108338.0,108340.0,108350.0,108352.0,108354.0,108356.0,108368.0,108370.0,108374.0,108384.0,108390.0,108394.0,108422.0,108424.0,108426.0,108428.0,108450.0,108454.0,108460.0,108464.0,108560.0,108562.0,108564.0,108566.0,108568.0,108570.0,108572.0,108574.0,108576.0,108578.0,108580.0,108592.0,108594.0,108596.0,108598.0,108606.0,108608.0,108612.0,108616.0,108618.0,108632.0,108634.0,108642.0,108644.0,108672.0,108674.0,108676.0,108690.0,112401.0,112403.0,112405.0,112407.0,127449.0,127450.0,127451.0,127452.0,127455.0,127604.0,127609.0,127610.0,127611.0,127612.0,127614.0,127618.0,127619.0,127620.0,127621.0,127623.0,127642.0,127645.0,127646.0,127647.0,127648.0,127650.0,155678.0,155681.0,156712.0,156714.0,156715.0,156716.0,156717.0,156779.0,156976.0,157241.0,164208.0,164212.0,164635.0,169826.0,170066.0,186038.0,197219.0,386365.0,460188.0,460190.0,460192.0,460194.0,460196.0,467449.0,467456.0,467462.0,467464.0,467466.0,467503.0,467505.0,467507.0,472842.0,472847.0,517633.0,517634.0,517638.0,517639.0,517640.0,517643.0,517644.0,517648.0,517649.0,517650.0,517653.0,517658.0,517659.0,517673.0,517683.0,517685.0,545952.0,571188.0,641041.0,641043.0,641044.0,886366.0,886371.0,886381.0,886385.0,886387.0,886389.0,886391.0,886393.0,886395.0,886397.0,886399.0,886403.0,886409.0,886411.0,896631.0,896635.0,896636.0,896810.0,896811.0,896823.0,896834.0,898292.0,898294.0,898730.0,910426.0,1070018.0,1073901.0,1153282.0,1166861.0
2025-07-06,3.0,40.0,6.0,5.0,4.0,0.0,2.0,21.0,4.0,3.0,4.0,0.0,0.0,8.0,0.0,0.0,0.0,0.0,0.0,1.0,0.0,0.0,2.0,3.0,15.0,5.0,1.0,3.0,0.0,0.0,0.0,0.0,0.0,0.0,51.0,392.0,36.0,22.0,155.0,0.0,7.0,3.0,72.0,8.0,3.0,57.0,1.0,6.0,24.0,4.0,5.0,22.0,1.0,1.0,15.0,1.0,1.0,11.0,1.0,0.0,13.0,2.0,3.0,5.0,0.0,26.0,42.0,35.0,129.0,4.0,9.0,1.0,6.0,3.0,5.0,18.0,6.0,13.0,0.0,2.0,7.0,2.0,1.0,5.0,0.0,4.0,2.0,1.0,0.0,0.0,9.0,3.0,1.0,0.0,90.0,26.0,6.0,44.0,20.0,3.0,0.0,2.0,0.0,0.0,3.0,2.0,19.0,24.0,23.0,17.0,3.0,6.0,29.0,2.0,11.0,2.0,3.0,1.0,1.0,6.0,7.0,2.0,23.0,1.0,2.0,1.0,0.0,3.0,3.0,0.0,0.0,1.0,0.0,2.0,12.0,1.0,2.0,0.0,2.0,0.0,0.0,0.0,0.0,1.0,1.0,2.0,2.0,0.0,6.0,2.0,0.0,1.0,1.0,0.0,0.0,11.0,0.0,10.0,3.0,27.0,22.0,1.0,6.0,3.0,0.0,3.0,6.0,0.0,0.0,0.0,1.0,0.0,0.0,0.0,0.0,1.0,0.0,0.0,0.0,10.0,14.0,3.0,2.0,7.0,0.0,0.0,3.0,0.0,5.0,0.0,0.0,1.0,3.0,0.0,1.0,1.0,1.0,3.0,6.0,6.0,5.0,0.0,0.0,0.0,0.0,0.0,0.0,7.0,19.0,2.0,5.0,2.0,10.0,0.0,0.0,0.0,0.0,0.0,0.0,0.0,0.0,0.0,0.0,0.0,0.0,1.0,0.0,0.0,17.0,0.0,0.0
2025-07-13,3.828702820118934e-06,4.004417933611236,4.0000338415074905,-1.9999879843682438,-0.9999897563078655,0.0,-0.999991014874978,0.0011219051609607789,-0.999991614626563,-0.9999952100809288,1.000016025228133,0.0,3.0,-1.9998682385533586,1.0,4.0,0.0,0.0,0.0,6.000010069301787,0.0,0.0,-0.9999996933196746,-0.9999927011357781,4.00018918810685,1.000026619373605,1.2292533237978631e-06,-1.9999891226837092,0.0,0.0,7.0,1.0,0.0,3.0,-7.995403069786796,53.15388246001578,-7.997111567913883,19.001331649671076,101.2522175769542,0.0,3.0000198948145895,11.000023372761735,1.0071067770377766,9.000459728821586,2.0000253343942083,21.00334019434488,1.0000010986736367,3.00001055483854,1.0008009215672686,4.000016803333237,-1.0643450263359e-06,-6.999870476193166,1.0000005311567457,1.0000023559005715,-3.9996642181207367,4.000004205113806,-0.9999991729858931,1.0001486117113974,1.0000004356340901,2.0,-2.9999116399770323,7.000019578939376,-1.9999996589640348,1.394984593527937e-05,1.0,9.000857955976805,11.001134968190357,-1.9984303972522,-4.97036215339449,2.0000108708129796,13.000241147291948,2.000001217818744,-1.9998637899996057,-2.9999873211187453,4.000023781007014,-8.999055014042892,-2.9999923861734006,8.000454356796526,1.0,-0.9999942493684495,-1.9999824508386004,2.0000171193517877,-0.9999998839246114,6.000034380896443,0.0,1.0000159574382126,-1.999995694630984,1.0000014460790647,3.0,2.0,-1.999952992459093,-0.9999875402012606,1.1239368429283303e-06,0.0,21.005893369534164,8.000536435341473,3.0000753661353174,12.00268629081532,20.00080245650951,-1.999988730045199,0.0,4.00000732304243,2.0,1.0,-1.999988216778267,1.000010132566191,6.000109763405881,11.00046743233207,0.0007943892837509736,1.0000545834442036,13.000082495426522,3.0000546102796273,0.0006305501117012113,3.0000005382887025,11.000375469429118,7.76657205769915e-06,4.0000297743410975,5.000004003153645,6.000005314168967,2.000040528002125,1.0001041214901383,3.5289678588235063e-06,-3.999810189020245,-0.9999993384973044,4.000027392623178,2.0000007210611046,1.0,-1.9999986390106228,2.0000556539420056,1.0,0.0,-1.0000000000000002,2.0,1.0000027640819493,-3.9997401733991502,3.000000973907668,4.295599205450529e-06,0.0,2.16381618844963e-06,5.0,0.0,1.0,1.0,4.0000019865621965,-0.9999995910441228,4.000001456602998,-1.9999993305170365,1.0,-0.9999349414877239,1.0000024827944416,0.0,-0.9999992581107892,2.0000010146057337,1.0,0.0,1.0001751164394097,0.0,10.00025727114738,1.9103034669676333e-06,13.00068460835329,2.000177783815648,1.0000054305135926,-0.9999928569865002,-2.9999932640935514,1.0,2.0000168098186593,-2.999420594758746,1.0,1.0,1.0,1.4099865028871506e-06,0.0,0.0,0.0,0.0,-0.9999998307772333,0.0,1.0,0.0,9.000199628018834,3.000408500154446,1.0000167559604312,-0.9999982116273951,-0.9999248147816493,2.0,0.0,2.0000067569036095,0.0,3.0000953194419973,1.0,0.0,2.999999119903814,2.0000261834002746,0.0,-1.0000000000000002,4.000000273130007,1.000000932290002,-1.999985939281494,5.281030781034701e-05,4.000013881935172,6.00008908579091,0.0,0.0,0.0,0.0,1.0,0.0,8.000214160503305,18.000493410712178,1.5306131371239928e-06,2.4344021897881873e-05,2.000033255633795,-2.9997073870820525,1.0,0.0,1.0,0.0,0.0,0.0,0.0,0.0,0.0,0.0,0.0,2.0,1.103194058549306e-06,0.0,0.0,-1.9999362861291559,0.0,0.0
2025-07-20,-0.9999974457259029,-11.618661733763346,-3.686841958833071,-0.9673674094560809,-1.471453734795555,1.0,-0.6523833755070991,15.000610425845569,-1.417396039276615,0.6313657331049898,1.6308960341306138,0.0,0.16882271739510735,7.935868083587797,-0.5089557548322443,-0.9628138413502052,2.0,0.0,1.0,1.7960735888850397,0.0,1.0,-1.3298124674625846,-1.601684057477211,2.070983021778421,-3.4751546383987,1.000000527391538,3.5954776159605197,0.0,0.0,1.9031732250657827,0.4267400597933515,0.0,-1.4771674193214048,7.700963998269529,232.847783040176,17.400333423453603,0.07818926179179897,-33.958060049349854,0.0,-1.9274894933981184,2.1385634090310326,30.27310772241465,4.632701957549656,9.633625704276717,-22.711563618765865,0.2854465600345777,1.1204506412738686,2.3791083682414254,0.4187373266636243,-0.9999990968120613,-1.070852146202668,-1.7756339798430874,0.48565137052201623,-4.024413879238018,-1.6581953121021584,0.5312440574706196,-5.302714315425904,-1.4415639348899132,1.2390380112493082,0.09862803970388079,-0.020081242965253487,0.6032268586300822,-0.9999913149833386,1.5055631359661124,-1.0860220461793944,0.8841978172875002,13.209748417749317,8.13900644550256,1.7882099241649456,6.995552836266683,-0.8482567981362086,12.599159022432396,-0.6549308426400124,2.3227880715951654,2.554446749560853,-1.9683907200777675,-2.367895266869228,3.370742648607343,3.3420392778035417,-0.6977077730525556,-0.6753464057946958,-0.5198259981720244,1.5126863709596172,0.0,1.5057709120653042,-1.3017241612833614,1.5093817896653807,0.6583907234771322,-0.6299381502488517,-1.8247863653519092,-1.7297975211116272,-0.9999994457161332,0.0,3.490809940094664,0.2594454467533538,-1.4391077069975582,-13.817055629877437,-5.6023886386827435,-0.8986683725430931,1.0,-1.3591708141738552,-0.3769053393396051,-0.559746264386509,-1.1279935471859002,0.501960527265183,3.3390060126374053,2.5898092696055954,3.000325802330103,5.12585824575692,1.8243772309613657,6.047636422203148,3.0003516474763465,2.2731418801397183,-2.284925587212472,3.0000026189960938,1.3557659775348494,4.380193455052586,-1.0480622417588972,0.8098221639634859,0.6856420642009464,2.000002721345833,-7.086892403145882,0.42382564814693524,-1.854026727681663,1.6655757075071955,-0.5239264128125045,-1.6332351784117205,2.573882653451637,0.4732281979340385,2.0,8.616323560289028e-07,4.7181315000672095,-0.434149802501441,10.734121620244586,-2.7540486637332475,-0.9999979308808804,0.0,-1.9999990669433834,7.3509027244344685,0.0,0.5816196914413313,0.0,-2.8978206666010027,-0.5129749945289136,-0.9801896477280012,-0.6713888738777357,-0.5743319243462115,-1.4918259002613778,1.258294970384584,0.0,0.5068662589263203,2.711938448647969,-0.5312319350658304,0.0,2.457921213280912,0.0,-1.7508182428572532,-2.999999765125901,-0.725536410367333,1.6854840202920407,4.473864349863782,2.58661904877707,5.029256075144353,0.0,1.2926945476588747,-1.7200317954383717,1.1869765781777095,0.46059941302235663,0.4866770835799572,0.9999998691536711,0.0,0.0,0.0,0.0,-0.622797114778311,0.0,-0.31222208362467707,0.0,-5.792588585261754,0.8812271215115093,0.4936209329168748,-0.6141304556692038,-2.610946165864939,0.07296803511942462,0.0,-2.286826805538972,0.0,-4.693056579403808,-0.3761011875443978,0.0,-2.7864006722239916,-0.9573619162613141,0.0,8.616323560289028e-07,-1.283293572053946,-0.4276142690808513,4.1396506101138755,1.000023084873451,-4.52487701088797,3.544224060203577,0.0,0.0,2.0,0.0,-0.48653348315651757,1.0,14.195718483926742,-0.17596902718971918,-6.974748432142519e-07,4.000011662237252,1.196893700610421,1.1617733168887465,2.6449366443115103,1.0,-0.4207822590407361,0.0,0.0,0.0,0.0,0.0,0.0,0.0,1.0,1.0013447947589875,3.8855970818651997e-07,0.0,0.0,3.651400536746639,0.0,0.0
2025-07-27,-2.415986796112569,4.077124127239159,-0.05847426284913304,1.7287271984543437,3.057085804997891,-0.1864960836048568,1.6083018252844739,1.98075630568216,-1.834798045124745,-1.7923683021619357,-2.754162252410967,0.0,-1.8277347994137698,0.7574391612357125,0.6669133515281145,-0.7059343190111353,1.6774889870415652,0.0,0.8332751588867989,1.5693768223100868,1.0,0.5185758637627639,0.38171441176768284,-0.20321439039322176,-2.635461630709983,3.5223051828208867,1.6909259880341818,-0.8684178081492693,0.0,0.0,4.286019272560459,0.29910116674442644,0.0,-0.02547185198481028,-11.087915822770938,-0.07202529828691695,9.35137123172835,-15.44769314986808,-52.68869641770405,0.0,0.4351231258015602,-3.523309164667806,-5.699910888581883,-0.13379908814202324,-4.981626947088056,-6.239947025999413,2.2220603717307963,-2.282120264745247,5.2274428592410125,-2.4361233107981235,-1.8286761886140899,-3.1877464365570596,-0.4953906572667064,-0.6772464642232974,12.672113549444498,1.2705176253806245,0.29920923070387884,-5.324634290318503,-1.1569222054119284,-0.23493438299548552,2.6767936321982866,1.64314461138148,0.29717083141616496,0.5191839675246097,-0.9888745266670405,4.589920534300397,-0.34790493524561583,-3.458069651271437,-11.030683743337164,1.0709000490897616,-3.290014848637785,-0.8417624670652426,1.0215969682884882,0.6812008126133504,0.03592058289573785,-2.1134667557918956,-1.1336474701575208,-8.465693974278047,-1.3164817703167264,-1.7215570481038185,1.4827423006553042,4.892855101081526,-0.3384108994577871,-6.771360354837231,0.0,-1.9884697176400543,3.2114885202844428,-0.03761495973816631,-1.6815899174709459,1.8860345729523271,1.8832172617856635,0.5404010458779842,0.3226837956397046,0.0,0.44912679204568917,-3.9271971333807194,4.931698957741517,-1.797997314143906,-0.08151423227423749,-0.606247750533143,0.3762455764946453,-1.102605787797918,0.08953079158258037,0.514246903415148,1.2787758512749448,1.334205137106653,-3.3775518058320024,-11.699990917484687,-0.5735753656712212,-7.188857611231629,5.583655258238656,-7.0256181757343565,-0.2658393828996779,-3.552363537130576,-2.550684485979552,1.0295515331443217,1.199873497284921,-1.1283135411026368,-2.7427267553348766,5.576428611304534,-0.7967074634479738,-1.6517178294939172,1.1663955388468157,0.5562920859958878,5.0574232437279445,0.9205408792421572,-0.3070926780943101,-0.8737132135119634,1.0142478917422437,-0.6787815079860202,-0.3033376395163332,-4.690157748587799e-13,-2.6558759599645327,-0.40896014817539905,-0.4188443868212328,-1.2684242100092726,2.304743382387511,0.0,-1.550030280265312,7.701794458361438,0.0,-0.6322632776717019,0.0,-1.1549751036313491,-0.3390501927163678,-0.4070569813396805,2.544595504554253,-0.2541872814973425,3.016306180401399,-1.483412789536764,0.0,2.326074525533724,0.4238754281016561,1.7007786312859627,0.0,0.5077653705674212,0.0,-4.3145369135047815,0.15369316169342673,-11.338613172863532,-0.059323246223502935,1.8263578461212435,0.17965928152335753,-1.3172800180244586,0.0,-0.22288777090941636,-1.867263724311583,-0.6893791585964948,-0.7365897809079676,-0.6726411308575181,-1.4211803038766446,0.0,0.0,0.0,0.0,-0.08828390214218747,0.0,-0.5968045783453257,0.0,0.6321785788707679,-0.5947293862373257,-2.7341745501013928,-1.3763241099037127,4.150115013453194,-0.025477141448858154,0.0,0.1747712869610898,0.0,5.581421576485752,-0.4888990575989044,0.0,-0.09618645041586249,-3.7200591515683286,0.0,-4.690157748587799e-13,-1.8052955841606528,2.523517881376563,-0.8050778462924342,5.765610165489116,-0.7311160977956446,-0.7718995197669312,0.0,1.0,-0.6531491641095857,1.0,0.6515973165079201,-0.0647791977894584,8.931608997291647,-9.148306484602642,2.0000003541291433,-3.2025097120790953,2.5288974527784047,-3.1407395676151975,1.187671592237288,-0.4126647629260025,-0.4292003368909209,1.0,0.0,0.0,0.0,0.0,0.0,1.0,2.3954837642207556,-0.11689078877891301,1.0000002304510647,0.0,0.0,-17.22553397202803,0.0,0.0
2025-08-03,1.73535405238387,6.646034750668406,2.609678809648103,-0.9684053193292224,2.086937260089245,-0.3439871756901689,-0.24432297291905503,1.1255947782932445,-1.2521992200942753,1.1321018497340527,-0.0033143458664435244,0.0,0.3451258580481036,-4.758735454569347,0.4778485597640173,-0.22796922102787143,0.21705640497545864,0.0,-0.39486221890273465,-3.603572257327648,-0.1901516230198792,-0.5971240579573507,0.007091133167185237,0.05580657138535838,3.893115206030089,0.9183702953279678,-0.7904175837170677,-1.6406286475569853,0.0,0.0,-0.9396394688859537,-0.7697633567838956,0.0,-1.003833559001628,-12.491163851886157,13.16101132548414,-8.90067615369965,8.021064166263084,81.1276756741386,0.0,-5.940582209884168,-2.3116066409500995,4.922590705715706,-4.7429550287740945,4.282001065490925,27.797921286466106,2.9600735140356513,-3.0174166905787594,-1.9294946786207738,-4.048899750434103,1.2218026897927243,-3.8200543365868036,0.18822558275795542,-1.4802357347133024,-3.4848898862990225,0.4405821164549488,0.22681898614609808,1.858788759645222,0.19557210818851123,-1.4089676483471756,4.977257023155627,-0.3310305656136636,-0.08238115081619846,4.1623453995914925,-0.7625396999833947,19.27767254645736,-5.336551585079704,6.393858329073652,24.660774677483516,-2.1651150591202706,4.120387393384885,-1.6164811687533134,-1.0869188493591437,1.6058264575993615,-1.2679290714887301,7.9894798858817,2.0887274185321374,-0.8101023473984128,-1.260673115837751,-2.8121057694197162,0.5734943919354087,-0.009293383189627136,-0.24880143529665047,-1.9285946861118237,0.0,-2.5230766969887437,0.5102689944001586,0.9025809497996073,-1.451296088372963,-0.5489164741605443,-2.067953030901867,1.2992563375227844,-0.7448600964176134,0.0,-2.8998184026794576,0.9577203141956581,0.9176554501736547,2.6808986238457138,6.72870171470495,-0.450359952100986,0.9451995615909472,-0.4624718301078863,0.07234564004237543,1.4935222866255855,-0.804153848070611,0.003911937923732456,-0.08795081361759571,-2.526601584580149,12.04236876933009,-1.4792142858743667,3.479081651681536,3.4349121053987206,0.02726569349329111,0.9928671040416388,6.5633098125351275,-3.678086412874242,-1.811413260077119,0.3385408058594388,-0.15409751056253995,4.377815464786735,-3.7749094435981334,4.907010751075616,3.1350851229587953,0.04539256920624346,-1.252687807587808,0.3004149300578183,0.7677986473113789,-0.7043351626917606,0.1302767941541152,0.5397896169698775,-0.6775777549994506,2.4419797947199987e-19,0.3085104745173104,-0.30040093930642886,0.4955306067494938,-0.9806510691385393,-0.1719052035216042,1.0,-1.1375799670887923,-3.343397356822569,0.0,-0.6255081220580905,0.0,-1.8079482217210137,0.746798392928854,1.9529096408854345,0.021881384047616637,-0.19574314169221105,1.2032728960462666,0.7360583913749439,2.0,-1.281260285668906,-1.376200235167515,-0.8356368637880691,0.0,0.4547127036222314,0.0,2.140472694152825,-1.099261556914,4.753719914722165,0.2673751876979651,0.43430382196119854,-0.03536536542672941,-0.9999975141380304,0.0,2.545858030447347,3.95536273371526,-0.03761505651978836,-0.4626923510450551,-0.4801051891776463,-1.2472026702936194,0.0,0.0,0.0,0.0,-0.012612890368195821,0.0,-0.27628966697197826,0.0,10.299202766636604,4.987070163784857,0.1567228786458208,-1.2149904286419688,0.012754448385483563,-1.0188836608673058,0.0,2.8515618545461807,0.0,0.34559999299722577,0.6771249100196987,0.0,-0.530143190308866,3.135956242624161,1.0,2.4419797947199987e-19,-1.2838704707533704,-2.0320582821246598,2.7709331463957767,-0.13231800814172878,-1.8383883959418563,3.8929580529205197,0.0,0.8068490651572806,-0.531003010107434,-1.0607503286852449e-06,-0.4865341205998647,0.5646784823124321,3.7472482664264177,4.557820524376606,0.5086844822284404,-2.636756913986625,3.8311265341109184,7.936858488252211,-1.4367059258431982,0.7625758200405285,-0.30265027314261733,-0.15761590148341242,0.0,1.0,0.0,1.0,0.0,1.5246949926230389,-0.7965092563245366,-0.9863081238040294,-1.022979703216117,0.0,0.0,-4.194002755418984,0.0,0.0
2025-08-10,4.443502842367659,21.32034261603056,1.1477489741502804,4.185197665334812,-2.320581768147468,0.7493214933500891,-1.8027987236425878,-4.002971156676782,0.9798709118044369,4.410292354085925,0.8108431959285944,0.0,-0.8374679510747338,-0.10438819215665696,0.350731779840177,2.3116372655931183,1.9532505455259943,0.0,0.4797328575868022,-2.1436270021722166,-0.31701064934590784,-0.2939579232601509,0.0050066034584422825,0.04381652322767482,-2.683676633577477,-3.3681731555113332,1.2623814830657858,1.1483735537410595,0.0,1.0,-1.2080757365141217,-0.4791827356430939,0.0,-0.8170754123667044,9.872440776480154,-44.01749615013637,3.7247859406386397,11.907140624175334,130.25696993028419,0.0,-3.2058279064358004,1.2933322539587193,-7.456626932137723,-0.881695086031268,-5.245497263117347,3.920312256547291,-3.3533098263810297,-0.7507038250475908,1.6009283659380564,1.6111446445726298,0.6025832218467397,-0.17374833613530427,0.9284089294450107,-0.14272250774571438,-2.2154682878919303,3.1761017459040137,-0.8173671974713913,-0.6868005686451184,0.28031516982993854,1.65735318557044,-5.405470764150856,-6.248419179913803,0.022842828680768923,-0.5551129338954119,1.3906435032639233,12.11775660745564,12.30107035308729,6.775465176786952,5.817539599897827,-4.138724318595921,12.857313708532374,1.5730591893951342,0.36118343771342154,2.3754548309663868,-2.9006611777854703,-3.430292153609777,0.6829859199842598,2.2260878725982973,-0.7808817096374449,-0.18386037142696043,3.4757364392791716,3.047892780528219,-0.19499042310398762,2.1044585938431632,0.0,5.972326061788143,-0.5073885659261901,-0.3195572778540834,-0.14950725131024112,-1.5360168033116426,-1.1611838972508899,1.0019595095339051,1.3912452913833735,0.0,8.341512819441832,10.94082478820425,1.6095240968717235,0.7100359676361023,7.056233921845511,2.6475733163476827,0.38372789106520555,0.6426785508527244,0.06069534319484993,-0.6885508766202308,2.1083304874441824,2.9992197656718598,2.9238053488208955,6.195280527149514,-6.185557861607904,-3.5957270792110627,2.6285706011480148,8.039500206532837,5.02208290397294,1.103957358004398,10.565199832728396,5.292235432617345,6.218352493601229,-0.7757563196011299,4.521915481263402,0.3872446548458548,2.2423504883336207,0.8947987201634806,-4.160205355206134,1.0037040173380052,-1.6285208397487025,-2.1662301743545376,1.5694113980103088,0.41003564357878164,2.099770668676711,-0.6193231677753372,-0.5311503769832296,-1.052023480348406e-25,-1.0266879144148318,-1.2373848129666545,-4.342487679103545,-0.7993059436413842,-0.2102990422371005,-0.2132705462277511,0.1015035974184213,-1.1544549840501501,0.0,0.5070339131759307,0.0,-0.4902739645843037,-0.37813815159736275,-1.480312877106341,-0.7177504028450081,-0.1591503138685776,2.9804890702658584,-1.8544722248576466,0.7373630405914853,-0.9851149178151193,-0.5631761740349175,-0.5479195224810918,0.0,-5.641553429432511,0.0,-2.798567510780998,-1.0717337318483542,-17.936824741648596,3.2221964869476203,1.4015978980449466,-4.0578611363278805,-0.4829698056089353,0.0,0.839191354142228,8.80468515066734,-0.021258966263061785,0.7080135216898393,-0.3851238665784804,0.20030256078232214,0.0,1.0,0.0,0.0,-0.0018022573950797962,0.0,-0.13027831599085454,0.0,-1.6960211753058996,-6.822155939255058,6.265631976725308,1.0651818773157173,2.722307907755141,0.11762383591763104,0.0,1.499788436109406,0.0,-3.1141721269319778,0.7463253564801835,1.0,0.6007235353058463,-1.263003528464218,0.5796467964794869,-1.052023480348406e-25,-0.49236936365783157,-2.0813494632663185,-0.21243690674573834,2.266644204616189,-0.2540786043837082,4.9703513936456964,0.0,-0.39509148355817625,0.5955790802064028,-1.0000000000001166,2.584871934911478,-0.23198156480577325,-8.330281571014037,3.004909267922656,-0.26720538009653705,-1.1007858916939952,-5.520967902918175,1.708543275991385,-1.7007285287835168,0.5031769463573813,-0.2278117303800525,-0.22968597901036109,1.0,-0.19314750896432353,0.0,-0.12278613272573013,0.0,-1.0053106841796544,-0.9409241552553173,0.5273913269510981,1.6700304198996128,0.0,0.0,0.9290102578014819,0.0,0.0
2025-08-17,-0.5280072038225923,2.2680600343426107,7.984859054135997,-0.4580978624989207,0.2868632952571728,-0.21969713866498208,2.240794912233664,9.084207673691587,3.4962667846154494,-2.4604937817009356,-2.3687924919754897,0.0,-0.5277972093877521,2.17010863745344,1.26413494256053,-0.06047158168913125,-0.9587534477194235,0.0,2.6051377369227984,1.7711997777810922,-0.20539949635711413,-0.2486075713548793,-0.9964252037164061,-0.9639419085391034,-2.443873516544027,0.0035341021063146627,-1.920648201586135,-2.2622964552826357,1.0,-0.22497758756364605,1.4579574558874215,-0.4036409294446207,0.0,-0.680209790813611,2.6838286931238144,-61.184155097939936,-8.971861104881562,-8.401547531571822,-10.209033251666881,0.0,-0.7341778111537476,1.8747320711149644,-5.07913243246297,11.53514763278094,1.0522386167897952,17.4150140501727,-1.760853700575975,1.2912489477951201,1.8514156748220465,1.2324330890190884,-1.848586576210646,1.3459710068603812,-0.7705622494623033,3.8613620232255186,-5.155327280158808,1.1323742201503402,1.378388533543128,-1.1637304548372054,0.21321888480769324,0.07925444235066781,-0.4754537734532107,0.4268918091158138,-1.0063340228471245,0.2638985069506381,0.1802663229109347,3.7032428880736887,0.06638163749248349,-8.888919460789893,-7.524952106176158,1.1297519611518,-3.0034883795834233,-1.2459344145219302,-0.7053620988294274,1.0700804798872232,-1.9835344806092374,-1.877291549967211,0.5867623994573989,7.876953736261205,-0.664284383604023,0.4828759255567572,3.062701229561142,-1.3310605106102509,-0.15885767788495359,2.1252233743742606,0.0,-0.9346665798910703,-1.4157425828640011,2.708153748763635,-1.018176809048905,0.745323569673499,0.019551222349344144,3.8153827137260086,2.185673371534466,1.0,7.798510047807838,0.7023804144488537,2.3783033685724746,13.601717883270787,1.810621638249188,-0.1289557763454523,-0.055894313242614846,-0.15690980483048822,-0.947723158044036,1.5389043730785152,0.12711740646853276,-2.4895748976975502,7.917982831952486,-5.808033904649619,-2.3351166522668265,3.950349171202186,0.5058813112031668,7.756971175785157,-4.356847242140262,0.2123712080418132,-3.430461422111666,-0.6392917452670526,-3.39541075921087,1.3993282722018385,-0.8641127064000704,0.8980056898872117,-1.6609503241916368,-1.2705456881443205,5.663942514406191,-1.396313425292857,1.6125531324886753,0.5920988663900517,1.2642981453232531,-1.0140088037115422,-1.1509155299313019,-0.4644692403311819,0.5632366140565024,4.5321972177551494e-32,-0.5935015557809695,-0.15451724417387602,6.745803768473969,-0.6745613926027065,-2.1748312896447284,0.3188320176606463,-0.7785420450426119,1.9743244842324827,0.0,-0.41838051580392377,0.0,-1.3561253271046745,0.6594706822214726,-1.4650141897617468,-0.2689710590909178,0.8659158795531463,4.453892230596454,1.3479482762226014,-0.46281698455291753,-0.8185908211911379,-1.4804680877708707,-0.4585830908026245,0.0,0.8551939414084746,0.0,5.412788786393335,0.8061973867639688,-5.408198272157058,-6.187471468003761,7.119936255041067,-1.847218514261126,-2.4148535926857644,0.0,-0.9199218637119717,4.568506064656681,1.9879718085979867,-0.5384498128397485,0.6784833801004249,0.9678308932094287,0.0,-0.22685103852705923,1.0,0.0,-0.00025752560861885446,0.0,-0.06167940305400695,0.0,-2.959560928830543,1.7128382476652604,-0.731860520456995,-0.6789315044820028,2.6884906629850507,2.170532581434764,1.0,-1.720626886063858,0.0,-3.4507600028295693,0.5370032874379274,0.4618316706029273,-0.47044553703251407,-2.2194790015131955,-0.5076277139446005,4.5321972177551494e-32,-0.4406978247239247,-0.8674179699485584,-1.9248222201302307,2.25150279567565,0.5213337799210755,4.278646198663932,0.0,-0.4062347301973285,0.49909928573818774,1.060750328432497e-06,0.23105286912165246,-0.5517785025069907,-0.6359897365609584,-8.20452854763873,-3.8593615653281406,1.1270540196468755,-1.1934363959499112,3.793499410353826,0.6056804149171677,-0.6273689059019169,0.8221522739235524,0.8098458733650982,-0.0021689053011269,-0.1683635809321194,0.0,-0.18536729232937157,0.0,-0.32920851628008485,0.553817695991497,-1.4736341242932833,0.14428342365090163,0.0,0.0,-0.31752341764634967,0.0,0.0
2025-08-24,-1.4592116718549786,-1.6231132606545984,-5.411565665537461,-1.937682588048398,2.1324136788312127,-0.38466785023045624,3.0893958222137696,-0.23669317672451484,-1.4720691146784488,-2.8075866285057995,-1.701557409753958,0.0,-0.9291511722960764,-7.016972197196779,-1.0226686236514209,-2.734705795832702,0.5343899405738217,0.0,-0.36591363370617636,-0.70190012018214,0.8660592942603034,-0.2153793154908654,-0.4591686384500314,0.9778060774184572,-4.091300547298104,-0.847988767022116,-1.6512902884698237,-1.507455859055976,0.6259973159488186,-0.13154042523206538,-0.46435272776109393,-0.3486732226764284,0.0,-0.5826165008245583,-10.245329600089399,-16.732040710302158,-3.743054110100445,-18.23307584304839,16.069119719045545,0.0,1.7899822632533287,-2.5958740083351373,9.006222072047251,-4.076274805159134,-2.1759508294677783,-2.4849842771960198,-0.12466531886986743,-2.436613086895364,-7.691661863625601,-1.2586874802915338,2.294939753552387,-1.6912255206615434,-0.2894769281107446,0.13820018603163264,3.4162193940679852,-1.3782355887789532,1.0601782152735537,-3.303039733061498,-0.8348694616358957,-0.4108026431855434,-2.817408823539232,0.851577569850603,-1.184849644230539,1.2293998602811032,1.1433061697304228,-10.63901499157869,12.961902992959814,-6.784630134407045,-15.702166145615962,-1.867325458646004,-4.5751708496802515,-1.5162073794027568,2.003505565998239,0.809720490444426,-0.967297169936641,-5.074147375390053,-2.485696103448068,-5.634220930444759,0.4220173509339422,-0.5928614618105716,-1.628917803112417,0.29875402911345894,0.867228900861533,-0.3248874695564652,1.0,-0.869851941091313,-0.5008730729493243,0.08829925687904261,-0.9742352210623493,-0.6299376015138494,-1.1582703518742168,-0.40475762275546767,-1.1140991257892974,-0.06222197491752768,-1.8708876795705862,-14.638879337408788,-3.924716138319347,-2.1328269411632235,-9.347894711034456,0.0718293187403296,-1.9918583599839956,-2.453200588613228,-0.4553790203752268,-0.10788883743912248,-1.1476450438906434,-1.1530670917475665,-3.7930026854447227,-5.308847723956344,-1.9077974832096132,-3.096630410619344,-4.287433180263019,-3.1342655186583173,-1.8339421676231922,-0.800917341197743,2.5323652534015295,-2.33977262034659,0.0974983186750027,0.10640740887058708,1.2909854821580762,-4.222213027979857,2.841529598053553,-1.8081164798505007,-4.184016876783268,1.8424919559405843,0.10868866798702204,-2.523860973261521,0.08623977270151073,-0.5229536124269648,0.7371816354239886,0.6008282610571447,-0.29281854652744244,-1.9525050531153885e-38,-0.5172649410119972,-1.9999815749155367,-4.788486334418835,-0.5834953839783242,-1.9342385353069356,-0.3046679772877974,1.1990781976515423,-2.48163794475487,1.0,-0.5193534856982628,0.0,-1.2107489218095826,0.5905241784143478,-2.316363202322394,-1.2021497784686332,0.599427440261836,-1.2119585523820433,2.229179236936759,-0.469744573986387,-0.6990163782224134,0.9971745842553323,-0.39429446040190247,0.0,14.334149345252758,0.0,-3.9136187177349218,-0.4177368388025685,-12.104634072127219,-2.8889525161239895,-2.1950947458184347,-1.743397840052349,1.5893015817888108,0.0,-0.055437730463286705,0.5502748225308114,0.42385530289014994,0.6451196078250574,-0.4443373385765452,-0.4177438964495993,0.0,-0.16209839177218038,-0.27971137227032106,0.0,-3.679798661047689e-05,0.0,-0.02922820794110274,0.0,-8.224474265084435,-3.051687078488005,2.1291040798304603,-1.026110897366337,0.388774221363807,0.0002469499383042084,-0.010737798951019895,1.3603389134810264,2.0,3.0210595769249924,0.3919732821792765,0.4064837843080482,0.3770549110178341,-2.880575643384897,-0.1980851374748792,-1.9525050531153885e-38,-0.39877291320029445,-0.36159605133289147,0.6758472905732789,-3.080745328552034,0.19128650911210698,-1.3606528408702836,0.0,-0.3209248854486604,0.4006268783973499,1.1676568694403706e-13,0.14392779690899926,0.6225658235384544,-4.3556987887392005,-9.50107804541824,-0.07099870385842788,-1.9520596690610565,-0.31953333325547284,-5.69375961692338,-0.9070374020726892,-0.4206090473800238,-0.17364266313336818,0.7957647380453514,-0.17496979665802825,-0.1442473583312015,0.0,-0.15828802464316877,0.0,-0.28653367554646947,-0.8771600627090745,-1.0036677046159033,-1.4562249675320316,0.0,0.0,0.10852591254054429,0.0,0.0
2025-08-31,-2.6285991568756133,-0.3676135051006568,-1.3790007878239123,-2.823329110593276,-0.2443299735414879,-0.29806029854792426,-1.3832648874024187,-5.590618450492684,-0.6359380325601425,-0.7887464902307697,2.894254501697115,0.0,-0.15250463011162463,-2.704090043552796,0.1891385514147368,-1.0358965550568167,-0.1014092314090167,0.0,-0.9489244002973473,1.5946359304287663,-0.23801905697658365,0.8100142420034583,-0.3307040162950764,-0.7434981037677342,-0.6463524866778698,0.20961640598321107,-0.17422421502109064,-0.4709823247405929,-0.4464442583375047,-0.11536334864115842,-1.0863462259234797,0.693118171534046,0.0,0.4904869924463455,5.179049105894123,9.864912424328281,-1.358248960502273,11.529475440686575,-16.4987752410008,0.0,-3.268501116180353,2.1299039511837314,18.48885640299089,12.088137305430195,-1.2055151083537323,0.7233721740891639,-0.5406558092866232,-3.206471345323548,-7.415226226384284,4.493391853893464,-0.7185181642107583,-2.9614782555237795,2.1101209382881914,1.183985442026887,-2.9878357403636464,-0.5412277044123268,-1.0701755275132274,4.605902667913401,0.21028006446070258,-0.3568498471978341,-0.7172758114471787,2.576601258898105,-0.13534945435747642,-3.1579125682031197,-0.9888780210064319,0.17298050098800388,-3.592096243980521,5.42859428704773,12.471350047691374,-0.2250068259919633,-2.7821379129440764,-1.3202247871859778,2.936381062275208,-2.293921057868303,-2.4718116589303927,2.864596307151821,2.850729971843001,0.2444863924673868,-0.8850206078824567,-1.8280305128143575,3.763926233826856,4.33762014591151,-0.21744251162929917,-3.9612591045689927,0.6986301850390115,-3.7608086458249126,-0.1326872569857298,-0.08494912537153798,-0.8494764883036265,-1.2856108772269348,-0.8455978458359796,0.35215948053459645,-1.0153900133306788,-0.13815985887185644,21.74084572186635,2.294504990148642,2.3273140872714,3.124115032643317,1.2840123860159949,0.060036380789781685,-0.7526766690914142,-1.7431821199995028,0.5940664556323642,-0.5690439466409045,1.8720038989388694,3.995115882395697,-1.555252906252619,-1.6810374391032141,4.1603629937816144,7.370514780894924,-3.144026809551235,-0.06622749873051959,1.272707133276004,-3.9358528240667563,3.836914091127756,-3.418738945428733,-1.722271576529785,-3.858802924883337,1.7993529555043066,0.22731709621952767,10.053709403192665,2.7475967661622427,4.987153406480324,0.715700734956352,-2.4439740726397394,-0.012821471104241144,3.1234467875247307,-0.46585179284413963,-1.0687625759191937,-0.5267718303056637,-0.48335937812883356,8.411540363212015e-45,0.5416156252806172,1.9941403469933459,-5.767649972890432,-0.5140910188769064,2.3096979744215513,-0.693431518628608,-0.680317806278459,-3.9376931492262655,0.3445565716933938,0.5479269308605828,0.0,-0.05753832540016468,1.5162375453299655,0.43826624570269157,-0.6414110381070246,-0.4723677084760962,-4.979650903708167,-0.9634701040742728,-0.40998988947144843,-0.6088492987997429,-1.692147492718063,-0.3458145956397742,0.0,-0.9267003321928513,0.0,-6.220640681902985,-0.5120174532058769,-6.156212254845723,2.4349881307032426,0.4937972046027017,-1.56650367114051,0.35596250085191183,0.0,0.24967183500882406,2.0552920134676143,2.2399261942183357,-0.5760845165362392,-0.3625261328933811,1.3293984933898633,0.0,-0.1332485655175437,-0.16861571458733712,1.0,-5.258086105691407e-06,0.0,-0.013853281492858319,0.0,-1.223652369950468,8.022579558293437,3.5385040727750763,1.1355615319875774,-0.12015696942668264,0.8542806982624822,-0.14658403388530525,-1.3678326345855707,0.3119995553512527,1.3728265688894146,0.28829995459569935,-0.6370183276983363,-0.3067154772697791,-0.464248759473576,-0.17516036252637968,8.411540363212015e-45,-0.3640687353481286,-0.1507434252241336,3.312537067780764,-1.31332617412445,0.16932896563353772,-2.0907155577535477,1.0,-0.25663074703438954,0.3257412280546883,1.2853378688024201e-20,0.1258173914603926,-0.17721813027123268,3.7598767924177423,-1.973796063453399,-0.18675087546695057,-1.8312215370735823,-1.4697878766691455,1.856342307242766,0.6333469941182384,-0.31726073942076927,-0.3107376740447789,-0.30612532133702774,-0.1522597722963799,-0.12616967781927987,0.0,-0.1381114965149632,0.0,-0.2536528985292432,-0.41822719140963277,0.11756911839704011,-0.4512966461535841,0.0,0.0,-0.03709295362733281,0.0,0.0
2025-09-07,0.3027052249299407,-13.1194689326406,3.7582657447106502,2.654379039262298,-0.10337663719857826,-0.23243503367958424,1.5809535119846339,-7.453473337814049,1.4317455006782072,-1.8636916370251526,-1.5505707748032203,1.0,-0.6539059671414161,2.8571889400110457,0.15788632088186105,-0.988951166292938,-0.30673550912389436,0.0,-0.8392536145169728,-2.7951513507672905,-0.3515007804502537,0.5303407170592284,-0.2385443182298838,1.9359461364496173,-3.4676658052396547,-3.764259035577391,-1.0267926073171658,-0.40738225376457127,-0.15699427893458262,0.8972709181487803,-3.9536337482525648,-0.5275861948402817,0.0,-0.5489739115164538,-3.285786484656043,4.805158344983056,-9.052627343889853,-14.112147154576455,-43.422107150414575,0.0,1.2051365942247818,-0.4823293400071016,-19.677575053429024,5.91948400168879,-3.086815125325815,-5.85275454902758,1.5108193620454964,0.06208402341738717,0.4061134874231591,-1.596400730066259,-0.33429787863429095,1.2150539571098058,0.36249771500605865,-2.0039823769596685,1.654893634925255,0.6918262984243779,1.1719750226526513,-3.6111152813966276,-0.6981505790532101,-0.31542355146499923,5.953128418450534,1.8495166987309748,0.037530719865065745,-4.849940962772621,1.0990171187458169,8.74546960371557,-8.502329639737688,-6.4381960998249355,-27.56143891425745,-0.41321261937732245,0.44367425981565134,-0.169107243727455,-3.4120530117055825,5.656509588108888,2.224082135079107,20.2627524226771,1.150807832148864,2.253895082107597,0.4647599032146692,-0.92117965510168,-2.826689711734325,-3.3704502111892056,-0.23212050837230516,-2.8895125273862536,-0.736428336573836,-2.3764473658904564,-0.11714339876143631,0.9410370404903108,0.24695696743157125,1.8663676708768029,-4.755876697873217,-0.3111130088288432,0.09777047004944017,-0.1225393332274483,-17.57579833822099,7.594893121117302,0.30985111083590056,-9.824259865720187,-6.802465020412431,-0.9493332752715566,0.10963588487921756,-1.1942416126825628,0.15897467992201242,-1.8942115133381847,1.0426102496163443,-1.4296299491630582,-0.3124024817842539,1.7912549879252424,-5.239552872922314,-3.109586526192441,2.9422109056398416,-1.0595132352430277,-5.210793265760103,-0.4453630628260883,-2.178531122738793,-2.181694407077412,-4.106261840812568,-0.24308683106995765,-2.7286205214323136,-5.367302953370984,-1.7059056446097198,4.411990607982472,-2.2187456736786935,-0.4633837509588479,-0.8192610610568849,-0.18787300339978197,-0.3633335613607849,-0.4199922086902769,-4.234972354409882,-0.4154243646830187,-0.4273318983685073,-3.623755604358422e-51,-0.7956051741598056,1.29344966588158,-6.109637244208372,0.5405592647480872,-1.8024328316200218,-0.09304333162776854,-0.877802189876219,-4.386961494312775,-0.13895526740458264,-0.35167587231283104,0.0,2.000014051348827,-0.6272389590455496,-0.8024174627014469,-0.4854875854149856,-0.27317866041824695,0.6367678814482005,-0.9080186375218338,-0.3637212117628431,-0.5383225346485337,-0.943515466590146,-0.3079507899512365,0.0,-0.8842158407534999,0.0,-1.5919784074395444,-0.09258862860079899,1.3085367085975377,-2.3837021834487935,-3.664964153925367,1.0696177182641546,-1.679315113653407,0.0,-0.7869567035125131,59.87119283884152,2.566648498094917,2.620108919894988,0.6775115495737822,0.2618796689112832,2.0,1.8894875262263704,0.8687347996589798,-0.10395137807554033,-7.513310619084553e-07,0.0,-0.006566334409921786,0.0,2.847020642736082,-2.845087211831867,0.3000774876969743,-0.5654440572304318,-4.0620983053579405,-1.169128554743626,0.8701538331233785,2.3453443956089366,0.5069939188179778,-2.4822696920046745,0.21292144815238578,-0.17342574555816404,0.25195019339303154,1.7079313301265473,0.8430099223208685,-3.623755604358422e-51,-0.3348628187951717,-0.06284293452863454,-4.611353800767303,-0.9121897675300801,4.1518933116785846,-2.8501939440046016,-0.10395137807554033,-0.206815093518794,-0.7328925915835545,1.4148792328951846e-27,-0.8882449684469222,-0.5169089819881418,1.9564259553404675,-8.983892375868393,0.32251184152739465,-2.6259157910573103,4.97226221832155,0.9947066631358652,-0.8609794063152036,-0.24020470992189485,-0.2538059319895532,-0.3762148268563631,0.865232584859401,-0.1121143575586674,0.0,-0.12249666479780226,0.0,-0.22754158303740554,-0.37695414285823875,-0.01377198610128585,-1.0796227655780808,0.0,1.0,0.01267796125235495,0.0,0.0
2025-09-14,-1.3933560168009653,6.164252179336302,6.700858718040115,-0.1649908412813179,0.9068373639781608,-0.18196465569629428,-1.3962111488064513,6.5422669597960095,-0.036376839356047075,-0.2752927860541039,-1.630863845079264,-0.09265715595710611,0.048510696561638644,2.888907395333831,0.12264029325907588,-0.09860760378181288,-1.2749259814721332,0.0,1.2476934512975517,5.169842337719918,0.7697790749721259,-0.5202585753867306,-0.17220398060250716,-0.6556576111588428,0.7751734666700116,0.4171155850249111,-0.8302863766445674,0.643374862138987,-0.14223970746371967,-0.2531895138201139,0.41693493818244853,-0.330057868960687,0.0,-0.5091306183286041,0.37776266551829707,63.670991393397514,10.675501827506231,-0.41185319582884006,-15.373331588697994,0.0,-1.7614895193206062,2.693125361741547,27.924253278850557,-4.1608747638573895,5.92267206802355,21.60886902395528,3.5212631435086976,1.6887394630164083,19.98746547214578,3.7322228998501563,-0.3857650469088183,1.7424930260134452,3.862100895287849,-0.6721565255601321,9.51102543581093,2.7914607376211906,-1.0686593731265361,-2.624382902015576,-0.6885508675944484,1.7173850108795112,5.634271780570828,3.229631259480538,-0.010406801720414353,-0.6589890775291409,-0.9888782162001097,3.430878704211338,13.974916274885587,4.052733370848387,37.06769775513794,-0.3739986430147981,3.167120060408365,3.635333345908265e-06,-1.4553529657217847,-0.09362911214174297,2.2252926294451374,1.2891744154393905,1.04711188344118,9.265056627015351,-0.8372019036156587,-0.5029510620369746,-3.0551495221220204,-2.6384436581926947,-0.20195066136543563,5.388650814375369,0.4008063005637168,-0.1267310597905107,-1.1048594106243592,0.726811131452616,2.327373344009798,0.7792377606609246,1.4010886876393212,-1.197110871273693,-0.8983581546392243,0.8899080696027456,36.702169364115136,17.019646959241612,0.1974935413581811,10.788945648390396,8.7111558087013,1.2823667553118276,-0.01596970884270707,-1.0513790773119798,1.1447927490235148,-0.8260575538915411,-2.192071375964018,0.6939026732517792,5.712627325682849,14.239867857095511,-1.4967073217246494,5.078909742018194,7.4195120931396605,6.339618129896113,12.989185787439059,-0.42189874765316987,3.155947923572139,-1.1351693149315685,4.7757410448546675,2.637203707953092,2.915211568409513,4.096371269112181,5.2420528633372285,3.169709021673004,2.7971707168964812,-0.037811951301505164,0.7367838047950972,1.2993854584757047,-0.18380130817565177,-0.3823523146553539,0.6481267221767917,1.6256535660086755,0.6170566219849458,1.5611414926716532e-57,1.5600337183690367,1.029293412943551,-0.6169713958981635,0.31925133528310423,-1.7674404258113416,-0.012484378500503109,0.21215679806540289,2.1058854304578185,-0.9439610855078502,-0.4787306774981778,0.0,-1.0997839380690246,-0.6160956246811802,1.7602901577665702,-0.36800900301435735,-0.24678210302480605,8.491864054329202,0.6518838187465636,-0.32683593342100004,1.518433405203015,-0.8562263984407472,-0.27756010584247476,0.0,-2.6871288755786242,0.0,4.579209160470516,-0.01674289445671593,-0.27813666049380953,-3.2214680123702593,-1.0933466801581817,-0.7307435635876224,4.177777010654486,0.0,-1.974628143576644,19.805472654572107,-2.2483846035978567,0.7127486738028228,3.58348214547266,2.220249179571717,-0.8023692908612055,-0.4671719325126751,-0.3697591454195237,-0.10091748340546217,-1.0735814004836193e-07,0.0,-0.003112417136399573,0.0,0.10244494498715895,-0.814581792146619,-0.9921670047976727,-0.952507892985885,5.616374798983873,0.8034617233633015,-0.08179645605687202,3.267773618533652,0.45909468080277227,0.24668777680226572,2.1576042398455337,-0.15813726303800668,-0.2083317760489925,7.560403608728142,-0.47933731598170004,1.5611414926716532e-57,-0.30994020985842646,-0.026198421273474007,-3.000929370082644,-1.818885399643296,-0.2854879431898887,6.262488410100678,-0.10091748340546217,0.8324901639025457,-0.6349000526925437,1.5574762714620665e-34,1.1741197776874142,-0.35659744489295997,0.7701608659047636,3.3701702771046342,1.6059777879287762,-0.4030744644855071,-1.6993126331961657,4.4458007283575895,0.6494262581625898,-0.18225475765467966,-0.20857198842200478,0.6621359670719766,-0.0508040479144829,-0.10087289097482884,0.0,-0.11005357676668502,0.0,-0.20630429980593196,0.6569108934414104,0.001613243365057178,-0.1626906842299647,0.0,0.03344477920518574,-0.004333186959647329,0.0,0.0
2025-09-21,1.0569944769050823,13.239096656962673,2.427418937965541,-0.5849445022258353,3.768212115453279,-0.14279277803020565,1.5467769227175827,19.81156254751308,-0.8679856035174862,-0.4518454383221546,-0.07618725102359392,-0.09174276603829841,0.49680845013025465,9.623365888944454,-0.9045651717460359,-0.48554619051638703,0.6278078197159949,0.0,-0.4488825885390624,2.069389938893277,0.6999708716463985,0.7192986813388436,0.875635395583144,2.796039043340963,-3.1539798165075297,4.577518278339663,2.4069962816256174,0.9744709883863054,-0.13001947395923585,-0.1685512464705656,1.4956903870126714,-0.3009597092646141,0.0,-0.46271641495759874,-11.355265890310847,69.56865973648178,6.685008713472513,17.465560870564556,-23.849263313396648,0.0,-1.0421612783931948,6.000397527870925,43.92096839990151,12.071158541383973,6.504286283565911,2.521395765190931,-0.04769204044230424,-3.1461755694073403,9.330667199944546,2.061742909071418,0.3610429036113456,1.5799335925841334,-1.1387629458460724,0.3907384691794662,4.356002029524035,3.8725616615276883,1.15230696276934,-2.9350878673426397,0.4537964761339367,0.033656157327047964,-0.019907861009819783,-1.5048504416176964,1.0028856766517509,-1.337950257361773,0.07895126568382205,-6.500340834122831,10.796439585072129,10.030603782989452,18.0334953919797,1.6584176476768295,4.650615320647873,3.296732106528033e-06,0.2877125055258265,-0.7047045965919025,0.08548334183870665,-3.5810880319915626,-1.0394412858806747,-1.8803044985881456,0.4928863690007902,-0.4520791059832625,-0.1931223630751031,1.2813626992588851,-0.17697156082054966,0.6158740782192007,0.4725738009232655,-0.09213710406131348,1.698278813850287,-0.4948611612869551,-0.676760486706212,1.9646080935626196,0.40250994444169574,1.918327583923448,-0.8301631552111693,-0.10828459793857392,25.25405591521607,0.5691628473182391,4.179411425123755,12.948695279890664,5.063601366920675,7.9169789500326075,0.002326169034082478,-0.9343666896290381,3.6741259863891207,0.15356876933758204,3.627420331781801,0.6385924802582226,5.966710081363502,4.196267199230768,2.5420245541495277,12.037339523165226,-2.2162351644311187,0.6940221323168458,7.874623312307179,-0.4007826875754571,-2.1853129230208097,-0.5906500064725126,2.7840212004931804,0.2558544758457746,8.276332972587825,5.217584240139253,-1.0865808708777056,5.380868677955201,8.20710585559085,-1.003085441943678,3.138348063779314,0.8880179563249317,0.8327568946094832,2.6490960436912845,4.454328185374787,0.372283050503438,-0.2120767552917524,-6.725516360069448e-64,1.8639205423482323,0.9336730422968555,1.1052644686956388,2.2912620355110436,-0.6057228041969083,-0.001675130327097063,-0.669982155076617,2.5587501517706865,1.632845150607793,4.565930996073968,0.0,-0.15217244126685858,0.44017391649108917,2.497403724256724,-0.27919368266824995,-0.22503717733406337,-2.408112837150468,2.1178234931021143,1.7032576777076396,-0.6542880967742495,1.216279588584722,-0.2526288131824308,0.0,-0.18078994113472646,0.0,-0.874013580984867,-0.0030276343609773634,0.059119473991015345,4.678104701440326,-1.0994970870524226,0.49935919880800617,4.068052821485004,0.0,-3.0110869778895495,-33.100484123361376,-0.22079463876573513,-1.5522585005450917,-0.8206205053687929,-2.143501006642196,-0.2579533407625961,-0.3476292675826741,-0.24116200051444442,-0.09172578912486913,-1.5340468162419786e-08,0.0,-0.0014752771019922917,0.0,0.15646265570406648,9.665596371129986,3.3170565758741697,0.17266786082937413,-1.2077715571793597,-0.12456000604559403,-0.2114225466281208,0.41728029983183745,-0.5805401927244871,2.8365610040324416,-0.8559439618133622,-0.14532563431540868,0.17304178710975707,-1.1989753706861217,-0.19504004528707747,-6.725516360069448e-64,-0.2884193768348069,-0.010921791663691092,1.4784448113575177,5.224150021755214,0.5262202539802789,-2.690737714900383,-0.09172578912486913,2.7766571791911296,0.47438329892114073,1.7144448063626834e-41,1.1207293554168414,-0.24613540526561098,10.90432726424864,-3.1054373284584713,0.9299364981600498,-2.2823948532087,9.286905313453314,-5.7130435679426235,-0.8323832462082248,-0.13845627164837815,-0.17210582029146843,-0.29428074423789763,-0.21918212359598863,-0.09167682408459665,1.0,-0.09990490675168016,1.0,-0.18869283308451368,-0.7601613954459907,-0.0001889744976331352,-0.8476871248311747,1.0,-0.23852026748134633,0.0014810353867720039,19.0,47.0
2025-09-28,-0.6928408381444,8.332586930242087,-1.071775667331032,-1.1673803219034307,-1.7139180433082695,-0.11221779635907449,-0.40634841786120024,-9.135847278352148,0.36723649681005543,-0.3660684584871987,0.20797811510878628,-0.08408447195190151,-0.6258456127492384,-3.7374325416189276,2.2839149312173763,0.17177695354357891,0.008002942622890474,0.0,0.1690887311538456,-0.436067286764688,0.45859700885195354,-0.5325771537293182,-0.6238571903038994,2.367203701912165,-5.031396939805241,1.391671359923098,-0.9881081250018569,-0.13288269554476573,-0.11973219352265824,0.8453446163947581,-2.697870545073151,2.7234237521284053,1.0,1.5759429781706145,13.747210732122625,-18.62755882220449,-14.785652679827855,-5.788106260886316,80.64597715348378,0.0,3.0392831851317696,2.555211243399029,-7.610577340242116,3.9010285529057676,-4.455710879608922,7.320537737495442,0.8140572076380543,1.4575134079465344,0.6797406641917547,3.7314993826538707,0.66070149971446,-1.5548847633075482,-1.7320155662067744,1.3208323321996018,-6.992070267363172,-2.2873160785396203,1.9323567002602964,-1.1640221583140846,-0.5032951741256486,2.552683769661229,1.577771062974172,-2.094831852213927,0.18580579600061564,2.767823744597445,3.083485796332985,17.522220936212868,11.160363375485524,11.559364104263665,13.085037651720057,1.102543758919591,7.113138594566649,3.0158309211048007e-06,0.26253383556464804,-1.6450472159969163,0.7565975632853519,-6.99146637021769,-3.2512753335555624,0.27468515242242475,1.195552640627996,-0.40979105225424073,-1.7826756187419992,-1.4940159018545227,-0.15594107673991062,-1.9464992241593784,1.178287618266709,0.9155558098316616,-0.5437604132747991,2.582934669067918,1.0637695709483823,0.5332709820972923,6.3701138254364045,0.12841107959746845,-0.7608268378393906,-0.1830114461498223,6.087577425004184,6.44432020250737,8.991107484443651,29.366973205456155,17.757566507349843,-0.8380879670967536,-0.0003388328759415851,1.163428366879689,-0.7347308133396733,-0.028549302412112464,2.0872802487599724,5.5853412967495295,2.339898574347643,-1.7354745667691098,9.863942162290442,3.1344890474226332,-1.5988591931908953,3.5448805392609337,6.463068894670485,-0.38167914668912195,6.900379782377971,-0.30732688447741263,2.706194941978328,2.330561131581442,1.197784329495267,-1.7714507932130275,-1.565560674979297,-3.0257934628747805,9.411745184670107,-1.6036360992254648,3.6840020433421277,-0.493418006578481,-1.2839178548650012,-0.6525238497598633,-1.3672220663138566,-0.6049074019761764,-0.42276827827331576,2.8974036330144567e-70,-1.5637389228126555,-0.14569766177634147,-0.8556938392211038,-1.232160153820595,2.48168793234416,-0.00022476582335654305,1.2494185096718242,-5.711894722121642,-0.16282094222385846,-0.007494772280687734,0.0,-1.0882976239799125,-0.5707134856577392,0.5826776613757776,-0.21191603873963177,-0.20681386349552897,2.954886829442019,-1.001683477497207,-0.2915905859532153,0.43007052122712375,-2.4548001917965454,0.768192946626146,1.0,8.690892759689513,0.0,-1.486661639866874,-0.0005474901515665896,-0.012566168727685732,8.113514594880069,2.991293706454715,-0.34128188953478594,1.05161225999034,0.0,4.074090416091153,8.301346847325302,-0.1249888908116441,0.9828912218541721,0.35403964110986985,-1.606517213675724,-0.20314731443437967,-0.29218838844134565,-0.18885022147247338,-0.08406746816699566,0.9999999978079914,0.0,-0.000699277622945671,0.0,-7.875749287223764,0.8934428542487467,-4.660035569530164,-0.6167303633879684,-4.871624219113087,-1.1870284040039811,-0.19343839295343546,1.9583551095470826,-0.3068547308033037,1.1234881015647717,-1.4523314103455451,-0.13443403482934946,-0.14417636009583762,5.559822646451787,-0.17960554359143013,2.8974036330144567e-70,-0.2696451777180684,-0.004553157488763961,3.755295224766079,0.6607733633373964,0.4848235081638981,4.725522364083911,-0.08406746816699566,-0.5383945788842488,-0.5757298753797457,1.8872332260709587e-48,1.0269165498789827,-0.16993401923713924,-8.978952975247978,12.343640622130348,1.28602766339255,4.825326483079957,6.282401116748437,2.85691239771522,-0.34006269064229655,-0.10525818583859242,-0.14241311234791393,-0.3741990129531024,-0.20045437286521467,-0.08401417248825037,-0.07614731112810569,-0.0914695797013708,-0.07614731112810569,-0.17385166072770233,-0.33933675194604596,2.2136375409441183e-05,1.0213716190994782,0.71075467790707,-0.18403784443202834,-0.0005062015180893466,-0.5018743159876848,10.263472212962668
2025-10-05,-0.30908952279580904,-7.4751643410995,-2.6217325379774366,-0.6029091956380417,-1.29787979710962,-0.08826938396079119,-1.2825155202978165,-12.15093994482881,4.174622904723201,1.7031455033299299,-2.8273104674123664,-0.07760544807682847,-0.9318958643512597,0.718346666513078,1.8146289108129865,-0.3403132883255209,0.7903105395362227,0.0,-0.6339997556813017,-1.666756889105259,1.3004689349081755,-0.2988265952290949,-0.1943216994950407,-2.0259997637440184,-4.713193307959699,2.1348435009101934,-0.9982857953145101,-1.5249750922201275,0.889047191960743,0.7190665336105987,-2.849699537016469,0.07975093660736876,1.5445767006771516,1.4848691601813127,4.501449708891613,-130.7923073100929,-5.628513500949353,-9.711403224553337,-19.538345889300444,0.0,-1.3210283206054054,-1.9304715459714465,8.422199016712753,-4.586915357814494,-3.843390699854779,2.838413275883852,-1.24207256512602,-0.4892873382527938,-5.604917621599579,3.6060460367873066,-0.9259976147583906,0.07802499051685885,-1.9237258162804016,-0.8581268422538773,-1.5471620027354902,-0.1327148255444488,-0.2772753058863089,-1.8734830799562374,-0.5364392183304018,0.06742532720228489,3.467649361684037,-2.271656106458784,-0.05152163572759072,-3.415669137233322,0.8792571368214146,-1.7733587715250891,-10.496002281605307,14.869582228861795,-27.9859451088401,-3.978900940705797,6.340036884008516,1.0000027790389168,2.24140703386694,-1.6199420311536308,1.654164377930389,-5.0598790640632885,-0.9574441931537971,-6.396747467547783,0.8497518227898375,0.625962628335365,-0.3518314669063063,-4.0160569918377576,-0.13799997616617637,1.68623828241014,-1.2341063137947623,-0.14347317705534035,-0.40555926084739014,-0.9851063937637341,-0.8080937920762321,-1.2496581813318834,-0.15552708158015704,0.7392296447359321,2.2978201828755713,-0.1687623170231297,-25.573154421108313,-6.869337744539855,-3.5018667868649924,-10.179997280599387,7.675386626798904,-0.09674922905573746,1.0000493548474494,-1.3084281372795221,-1.5523080866096195,0.005307476720260356,2.6678666921962826,3.1749792856084396,-10.257551209039445,5.8195314826451,-2.654736205274478,-4.0309413570236,0.9596653055890609,-3.314022121892343,-4.908963090807617,-0.36431347903337896,-1.4271075615240747,-0.1599083352928699,2.687218757158636,-1.9431877214629925,3.510106925761602,-3.4987063520380843,2.099185540430941,-5.416667770065574,-2.511832543989655,-0.6526408218991407,-3.717616880656408,-0.7258371705165598,2.9097964214381675,-0.8729078874353464,-0.6989302781390725,-0.5052333746500528,0.6107140442801018,-1.2482235362469034e-76,-1.6046933449668837,1.734018171397011,2.945369519399872,-0.6321511019678812,0.39964351071369286,-3.0158653647381154e-05,-0.5733534110315579,-2.79959801242921,-0.6821788857372331,-0.823099020815774,0.0,-1.055032336765036,0.44741069580233295,0.06740781952152375,-0.1608954165595315,-0.1913207434650086,-0.3532746458433653,5.032501881285649,0.5823225591605464,-0.6189103864784937,-0.41284413612794246,0.6472350081235364,-0.0696308805417497,-0.0784600976943075,0.0,-2.86300941656636,-9.90031920385674e-05,0.002671008143796168,-0.3572510857743971,1.5540098367056476,0.2332586621552674,-0.31735217077628164,0.0,-0.35251562582853424,-4.963022188389356,0.9292454342855772,-0.3485875574235733,0.3002732178104168,-0.0042968891225371175,-0.1600853175465072,-0.24610751668228567,-0.1479860918735614,-0.07758826592174276,-0.3210831988009699,0.0,-0.000331455867027855,0.0,0.041161314428745044,3.1777711017320236,-1.406511090544793,0.22664453107376514,-6.159913510690288,-1.1677202383504564,-0.1782730415660601,1.5296567573869364,0.7157426749062038,0.956269011083724,1.9225399888997543,-0.12506091164143635,0.1203849449821542,0.168945864218351,-0.1664332313740224,-1.2482235362469034e-76,-0.2531205708266265,-0.0018981540669289192,-3.197204761345322,-1.019684221482489,1.4494649357367928,5.985671210236774,-0.07758826592174276,-0.7395644060657515,-0.5092672385996597,2.077435948870467e-55,-0.05240574357230532,-0.11733813451374639,3.10497925389749,-0.08184233173962596,-1.9015367745337528,0.745007308316727,-3.582218555324477,5.596325062094355,-0.023093858275099244,-0.08005306586206795,-0.11806899079270039,-0.344985982964051,-0.18467458440322368,-0.07753066612633656,-0.07765147317112671,0.9156525398138341,-0.07765147317112671,-0.16117478582943529,-0.31530776305455777,0.9999974069563756,0.40725669994474645,-0.45948284593306943,0.8579003523573141,0.0001730140813644929,-1.5436063556344166,-7.764991546340852
2025-10-12,1.7115112419125347,9.707117752615943,-2.417181773644108,-3.1725208713833215,-1.2059688360336658,-0.06947067022827022,-0.1404984642062792,-0.7657573678816192,-1.7761647898549486,-2.076285840106355,-1.1642546934315252,-0.07205272383962015,0.2975842522185085,1.9875169679886024,-0.5848571901981605,-0.7502136993902071,0.9494379388560596,1.0,1.2021633847057362,0.19062411476221008,-0.9522449914592619,-0.2781887291379589,-0.14039215770255492,-0.6890299720216726,8.625121404090223,-0.9690239769282076,-0.7134046365944591,-0.7769484900462142,-0.4148365135666088,-0.33182942219908074,3.0530412468107695,0.36722929625364664,-0.9419586288249366,-0.621432395937527,-15.607874525932743,61.88548546948397,6.433278067495706,-21.40227453996323,-78.09427010373446,0.0,-2.376738016461826,0.6268830320885179,-6.2510537178936545,5.177754045893494,-4.49059830527118,-14.849495957939354,-1.3037374796486367,-1.1727297604206326,14.985392885968484,-4.229654875241682,-1.8209494189733446,-0.6014352257692046,-0.43340491624928834,4.285797612852193,0.436318155155238,0.3896671712637074,-1.1326813780664686,2.9434929655864757,-0.42692888931128536,-0.6546390980055476,2.4433181179494934,-1.8282241895374236,-0.9857136913638702,1.0433845389934886,-0.20590255591747342,-7.77731915509046,-8.79283232695495,-16.198062957055136,-51.77144034947037,-1.646208866031082,-7.1074533682836964,-0.9210558975528804,3.876210520490382,-0.5026601570142808,3.091992044938559,-6.324909511148576,0.7515682605001595,-5.831996924769371,-1.208066865547683,-1.1088959476167772,3.369553541353464,-2.058035935528955,-0.12253342487989984,-4.918305077263971,-0.10831423326773537,-1.1447323713747624,-1.0738727715735146,-2.9040854931325777,-0.9607598768997928,2.4731432078698568,-3.268803302444371,-0.39686020802935573,-0.8256026208452574,-0.15657140218575463,-7.847477104686689,1.7955842553948003,-4.737106519386327,-10.04341903740422,-7.872004546398095,0.9166964608219286,1.3757381843953094,2.8502807564845996,0.3035644122444867,-0.000986689927812541,-2.397847341231536,-3.059751819667711,-0.43713630417127547,-10.30368240323454,-3.797745074916442,0.40978414579742406,-4.753992155316977,-2.2814397690418318,-4.295805124288485,-0.34845883837707314,-9.283703363834203,-0.08320352143560754,1.3740142930185755,-3.6136765014127317,-4.072112324561635,4.313704063806014,1.180592293522654,-0.7747327871923266,-6.243245481280049,-0.05325526180829841,-1.8530328844243922,1.5983011930554243,0.5120159886197286,-0.4485564340230938,4.6492414432585605,-0.46943411533086427,0.7948274366139796,5.377441991249096e-83,-1.2142882398377544,-1.1285903308101952,6.26333735365162,-0.5882653431084767,-0.7023158553010016,-4.046631183691547e-06,-0.8068417099837775,5.279287480551879,-0.7248857941859793,0.2368992551410246,0.0,-0.9791370013520598,-0.5587144034212943,0.007798160859501024,-0.12217816905227213,-0.1779870150961866,-4.2792378251245555,2.2983402575452523,-0.38531269575508154,-0.5569984572888866,1.3269717661395823,2.601438099499014,-0.07210400243129414,4.461372135619504,0.0,-2.1422175842515614,-1.7902846299205617e-05,-0.0005677374431959702,-9.445485260353891,-1.5038446468918147,-0.15943133872388024,-0.5906516402082365,0.0,-2.0881499990477073,3.982069023818113,-0.8246277579005756,-0.23394729779433,0.2789079053762823,-0.7370021723588509,0.8737998511583043,0.7923958785513706,-0.11601263533694281,-0.07203524944744412,0.4180940219710392,0.0,-0.0001571092668479579,1.0,-8.19292663033858,-7.861491380096719,-3.6732184194788084,0.4318810190052145,1.8532020609627757,-1.0834930636526388,-0.16531186812914755,-4.573669217694709,-0.560901410634008,-2.5776878903266667,0.24414725613261545,0.883090611673783,-0.10067044934656495,-2.1066917389116595,-0.15505962108466043,5.377441991249096e-83,-0.23846163798877962,-0.000791316547941319,-2.9675763487606686,-2.071414699811429,1.088495815333415,-1.4515330480452864,-0.07203524944744412,1.3962541813050866,-0.4240329132762576,2.2868080525968818e-62,-0.07558160335996811,-0.08102575972834428,3.2819552772519565,-9.0898216261556,-0.5501094013125938,0.523951421979362,1.3735688376889374,-13.165443876019957,-0.021389532422859237,-0.06089806509252128,-0.09801511289076759,0.679996563310688,0.8288025525578211,-0.07197336276748013,-0.07209102989324258,-0.06690986680080868,-0.07209102989324258,-0.1502209472433682,-0.2944511519700302,-0.5289949578545945,0.04909272929505726,0.6999038001708296,-0.07302459108633674,-5.913429984533531e-05,-5.371878769913714,-41.80685975008317
2025-10-19,-0.06398635259511343,-6.752399714780722,-0.9231072618969929,-1.7144076688888295,-2.1262145299830877,-0.054694468334210516,1.182195228170692,-3.5970461821024244,-1.8348014328751887,-0.9980443956111775,1.5731758831430964,-0.06724085472339941,0.6846514620834359,-0.08187467587174346,-0.4790346027272121,-0.4029669072736541,-0.11540670405747022,-0.07279879031782699,-0.45933114922083984,-3.291745894632667,-0.015286456541766524,-0.26021663786992205,-0.10143263378188329,0.7658675775738653,-0.49181458368782494,-3.0529992432406576,-0.5098423010472585,-1.2949479932689156,-0.14516177267562255,-0.24800338144086526,-1.729110881651243,0.3432934498225827,-0.11348816641224324,-0.6103596224426762,-14.901755887101558,5.986400545889126,3.498557996295439,-10.411852958880576,-11.036234867018607,0.0,-0.6562602540997942,1.4217140846533756,-4.475983713509208,-1.1759415783543048,-3.479827321279804,-16.53920028163658,1.2043710093614794,0.3375453196315412,-8.156536424943091,-2.7000337343102316,-0.6662834506743895,-2.7236860997951027,1.1648731787934439,0.6866504889107823,0.5928868952559334,-0.6368285848078803,-0.9953400104567742,0.03556231084605521,0.6600876523638608,-0.6098431504152535,5.293671500691952,0.6356481179717473,-0.19056737389435152,1.2411785793325505,-1.2032806777020897,4.2320295351007005,-12.463811736028859,-4.099072875214432,22.335698546207652,4.2479454691338105,3.370455751729974,-0.16203677662084526,-0.9916144867332513,1.6345643154973306,-3.9215436335296507,9.639674185786983,-0.003925686658923233,1.7223792556892512,-0.6140746888860383,1.3441446144337716,-2.0519477257454977,1.221363087093207,-0.10908838139826754,-2.623991160907657,-0.7195017791569738,0.9201782860270269,-0.30172002570796064,-0.16524533846751455,1.1041179618162626,0.7823118977027397,0.643873207538606,0.7115568210125875,-0.8114877216806072,-0.14602276747740764,-9.539674340145211,-1.618696576546668,1.5397863706825525,-1.2433292498383892,2.6610143924333443,-2.2986197953820238,-1.6789851502848978,0.19906501891402595,-0.09206853881517563,0.00018343123577543608,-0.8755115478806261,0.12088989392343574,-3.5195200556791946,-2.7989950419313168,-4.35955067272474,-0.8614006380204664,0.429048160155693,-2.836020662268375,7.101050258145563,-0.33392621290604146,-2.343788470984613,-0.04329246633866586,-5.487399796172756,0.721483329985606,0.6267293330651604,0.7034195770925926,-1.6332619235156205,5.360425591222212,1.7829591917190548,-0.004345610656130098,-1.6390426328135232,-1.2780742285569975,-1.4261857386508128,-0.4207952857760192,-2.9552272162697406,-0.4383723223111986,-0.2595155188666083,-2.3166429346162284e-89,-1.1373608311868175,-0.4472262469760442,0.2380966334744805,-0.5500754691310067,-1.6919058736030337,-5.429693290783535e-07,-0.7521664415066065,-4.546880119300795,-0.4555051664149521,-0.6159573187218911,0.0,0.08657357144570654,-0.547288744902734,-0.9990978596663957,-0.09278632422521746,-0.16639062676279134,-2.929428639022473,0.16210487735646506,0.5662377826744662,-0.5150051225593404,-0.33309187346501634,-0.6953991608235093,-0.06728572064584,-0.3818242042705364,0.0,-4.738134190321947,-3.237389613540169e-06,0.0001206757100892218,-2.3911029005341007,1.7525198335873071,0.10897199932426027,-2.2011074724777377,0.0,0.15782360294042874,-0.8485431925009159,-1.1161495637345347,0.849728742159962,-0.7396191126930713,0.11836446759950504,2.502355539726014,0.6472038348264977,2.9090294325023494,-0.06722300055362346,0.5957679119594499,1.0,1.9999255305929684,-2.2248869413488137e-13,-4.216729769853071,-10.923641965536277,-0.46786340355748557,-0.6190627021169925,-2.115857336428583,-1.010598916252096,-0.15410682830695915,-1.5632802992581478,0.7026564383042424,-0.549198309149391,0.6361483614256365,-0.5729572066967388,0.08427280845185092,-0.9333190555241657,-0.14513974605618732,-2.3166429346162284e-89,-0.22536713529913674,-0.0003298899126146004,-2.389086703756501,0.9430232660774571,-2.9807839126227833,0.37755858717377144,-0.06722300055362346,-0.6591240103835596,-0.35337270816834176,2.517281472363362e-69,-1.0705243971628882,-0.05595243666748764,0.6680263396141299,-2.14824482761005,-1.7102402069822595,-2.5111683249542356,-5.759714696032415,-8.816367273711254,-1.0199194658669102,-0.04633283497470453,-0.08144114729495387,-0.26108463163795004,-0.05444535124090377,-0.06715683850911956,-0.06727214412567774,-0.14598794960816378,-0.06727214412567774,0.859338795964294,-0.27617723212425377,0.47382197333726406,-0.9596859553735949,-0.5169508812817475,-0.3207167727112229,2.0211449787234198e-05,-4.076774630496667,15.867136398861408
2025-10-26,1.2740531501999617,11.345031085746655,-0.2123884720728153,-0.4905732191228954,1.0627590614445754,-0.043070371355374795,3.364514846020952,8.801446755689774,-1.5576943929172269,-0.8103892475446292,-1.1474961235689491,-0.06303080065955236,-0.483804567971141,-0.20508948054954068,0.6262762603939549,-0.21644810557816424,-0.3250877819595188,-0.12718100833845686,-0.8505365591789287,-3.141876692925699,0.1856683678373372,-0.24442510977092943,0.926714256002344,0.9193103900633877,0.220099171130391,1.0396290365989493,-0.36437238673537925,0.42207526265883644,-0.13643492348946556,-0.2326245143162551,-0.10816099863137563,-0.6777133823104856,-0.10690841896711684,-0.5721348880336602,-1.7870530906336697,-37.51871972508866,-3.32452493107742,-7.136409770085145,-31.463143680780576,1.0,1.097815022107139,1.0791571839690448,-23.691572983295416,-11.990795603955522,-3.276964925919108,-8.659753806379115,-0.7226557566005112,1.0640148203015802,5.810228930459267,2.9895025240140054,-0.06322715742299279,0.1233693477601534,-0.8605254352539804,-0.32388448773915224,-2.555768173496803,0.23281709440680132,-0.9336380796941648,0.2903646480856992,-0.3381709246156901,-1.5707849933587807,-9.20898157151748,0.7789939919634135,0.05284196204146296,-2.0785502937785134,-0.1390914409321149,0.16362727024656465,4.041919074171865,4.10483929691739,13.054357562476142,0.7202869371993295,-3.5367742004933795,1.0000027452999019,4.0683062088945565,0.7377688305833789,2.3764906483550634,-2.9225424163022353,-1.003696085969585,-4.173569495656624,-0.5772962987193887,-0.8055461155907775,-1.721159351187259,-0.5280645006824076,-0.09732229783425221,-0.6263176424921015,-0.5928078433818067,0.8856309149137012,1.0194259061917108,0.031233826810283638,-0.7545381651680607,-1.378488517288783,6.079105979697379,-1.4155384332529648,-0.7606838494688567,-0.13680547787687997,4.835005088101681,-8.655931233847753,-3.3135346254925633,9.354395997711634,0.223002949748782,1.2830113750188894,1.2017498029773992,-1.1059203922282137,-1.086718615956003,-3.4100903748655965e-05,-1.5640070802025106,-0.8749438691636904,-4.221691426051816,-2.3296848939532104,-7.261542568155541,1.6746046584336334,1.9043817422342286,0.6337566387464637,-5.604581872727856,-0.32055685320761723,-5.244855790568376,-0.0225259415371488,-3.366521521577365,-0.5150295127028679,-4.108692890673955,1.0411200233997775,-0.5643614979082052,0.7297062707777293,-3.143840129946909,-0.0003546003030207399,-3.398858176315482,-1.8998567523757761,-1.2418954662802022,-0.39626993857499093,2.0736883221446796,-0.41116595809370127,0.5281607170608983,9.980274064739314e-96,-1.069599580579549,0.7128554404855332,0.4250846104525454,-0.5165400449474041,0.3776766360979855,-7.285459903238596e-08,1.2955697879677026,2.271876573933511,0.18369953211783843,-0.7400089492467864,0.0,1.132217924128861,-0.512971890229146,-1.2624630685553928,-0.07046892364471556,1.8437872141900906,4.236999376034317,-2.8801403367438363,-0.3950870653694565,-0.4780016210954028,1.9747871183441532,-0.46490200116996405,-0.06306985578595235,-0.03314392501235375,46.0,-2.720571752442755,-5.854204038115877e-07,-2.565028461670659e-05,1.80632263016334,-0.5131030883934748,-0.07448325160147008,-0.36664212267175245,0.0,-3.2678395707405823,1.2376140235610862,1.718823745098634,3.5558466638093775,-0.6669023635129308,-0.019009641647694656,-0.3998539876991991,0.5469445358500323,0.13724529196787394,-0.06301249809968382,0.08512962949514802,-1.8696155734687636e-13,-0.12297351341517171,0.0,4.569569662190435,-1.6930250032100318,2.891251810830636,-0.7795654209408179,-0.6988314198990615,2.0531053645950794,0.8556763957185687,1.2429174915808145,-0.5672895609788848,2.6384594437234927,-0.2553549843791232,-0.13790833110417988,-0.07059796248377988,3.2379272016712273,-0.1364115523804245,9.980274064739314e-96,-0.21359737660655267,-0.00013752695394881972,-2.0235604985609084,-5.7395086158498785,-2.7526420030335386,-4.102340915131535,-0.06301249809968382,1.261037734442065,-0.29466600931320136,2.7709829501023536e-76,-0.03031882118843998,-0.038638530416945066,-13.97021833523226,-11.499701185045293,1.3491287494722708,0.5209307702324466,-0.31226791198728954,-0.3705603803778148,0.7557978133692376,-0.035254040659391826,-0.06771212710413851,-0.3494063632165453,-0.22410226074963485,-0.06294206864864782,-0.06305564673414893,-0.13677185578688417,-0.06305564673414893,-0.4552645188623101,-0.26003393919553275,0.532640961677946,-1.0735696943013808,-0.3438955298750554,0.7521656994075929,-6.908050041521092e-06,1.4597207134094834,-4.889194939595509
